<?xml version="1.0" encoding="UTF-8"?>
<project-private xmlns="http://www.netbeans.org/ns/project-private/1">
    <editor-bookmarks xmlns="http://www.netbeans.org/ns/editor-bookmarks/2" lastBookmarkId="0"/>
    <open-files xmlns="http://www.netbeans.org/ns/projectui-open-files/2">
        <group>
            <file>file:/home/limeiro/NetBeansProjects/PlaneadorDeViagem/src/planeadordeviagem/Registo.java</file>
            <file>file:/home/limeiro/NetBeansProjects/PlaneadorDeViagem/src/planeadordeviagem/Login.java</file>
            <file>file:/home/limeiro/NetBeansProjects/PlaneadorDeViagem/src/planeadordeviagem/Aluno.java</file>
            <file>file:/home/limeiro/NetBeansProjects/PlaneadorDeViagem/src/planeadordeviagem/GUIJList.java</file>
            <file>file:/home/limeiro/NetBeansProjects/PlaneadorDeViagem/src/planeadordeviagem/Percurso.java</file>
            <file>file:/home/limeiro/NetBeansProjects/PlaneadorDeViagem/src/planeadordeviagem/FicheiroAlunos.java</file>
            <file>file:/home/limeiro/NetBeansProjects/PlaneadorDeViagem/src/planeadordeviagem/GUIMestrado.java</file>
        </group>
    </open-files>
</project-private>
